EMDB ID,Resolution (Angstrom),FittedPDBs,PDBvolnoGMM,Multiplier,,PDBvol50,PDBvol100,PDBvol150,PDBvol200,EMvol50,EMvol100,EMvol150,EMvol200,PDBvol50wmult,PDBvol100wmult,PDBvol150wmult,PDBvol200wmult
emd_8953,4,6.00E+14,208175.7036,1,6.00E+14,243714.25,238447.08,231005.83,225112.22,167795.89,156136.75,143727.41,138414.73,243714.25,238447.08,231005.83,225112.22
emd_8954,5.1,6.00E+15,184502.6,1,6.00E+15,214551.77,207534.42,199096.92,195402.92,154875.14,135215.16,125515.2,122448.7,214551.77,207534.42,199096.92,195402.92
emd_1180,7.7,2c7c,1003870.6,1,2c7c,1083016.75,1067486.12,1066970.25,1072374.62,1104441.88,1124065.88,1124828.25,1119392.75,1083016.75,1067486.12,1066970.25,1072374.62
emd_1181,8.7,2c7d,1000727.993,1,2c7d,1073495.12,1061662.88,1066646,1063102.75,1084146.75,1084448.12,1092810.12,1074578.88,1073495.12,1061662.88,1066646,1063102.75
emd_1202,8.2,2cgt,994014.2723,1,2cgt,1055834.25,1055128.5,1057022.12,1058804.12,1030722.94,1043611.06,1044072.56,1033810.12,1055834.25,1055128.5,1057022.12,1058804.12
emd_1440,9.5,2vdc,1508477.124,1,2vdc,1596798.75,1630246,1628186.5,1638399.12,1764643.5,1595005.62,1485775,1418638.25,1596798.75,1630246,1628186.5,1638399.12
emd_1676,7.5,2x31,379971.4217,1,2x31,416574.91,414678.78,412244.34,409141.59,185917.34,189564.56,190713.34,191545.97,416574.91,414678.78,412244.34,409141.59
emd_1884,9.8,2ykr,704705.4867,1,2ykr,800474.81,755166.38,733395.31,728149.81,944887.75,917056.88,915860.75,919336.19,800474.81,755166.38,733395.31,728149.81
emd_2221,8.4,2ynj,955714.9977,1,2ynj,1007966.88,1009105.5,1005430.56,1000178.06,797113.94,712746.75,644531,583918.56,1007966.88,1009105.5,1005430.56,1000178.06
emd_1733,6.8,3c91,798253.5849,1,3c91,794310.94,797964.19,814081.81,805887,672005.81,624873.88,554954.5,517767.25,794310.94,797964.19,814081.81,805887
emd_5002,4.7,3c9v,277710.3496,1,3c9v,812874.88,805254,796494.25,792251.31,790328.31,750201.19,724869.75,689570.88,812874.88,805254,796494.25,792251.31
emd_5001,4.2,3cau,288850.6144,1,3cau,853697.94,833145,826781.31,822167.69,935303.38,896567.12,872358.44,839782.69,853697.94,833145,826781.31,822167.69
emd_1674,6,3g37,613777.3061,1,3g37,621129.44,645845.88,643856.06,637228.31,560947.12,565363.31,559701.94,548260.81,621129.44,645845.88,643856.06,637228.31
emd_5140,8,3iyf,1002126.955,1,3iyf,1160833.12,1142505.75,1157745.75,1150532.75,897677.31,826859.31,801996.31,778385.56,1160833.12,1142505.75,1157745.75,1150532.75
emd_5245,6.7,3izi,1045954.865,1,3izi,1094271.25,1108471.62,1106152.25,1109393.62,916891.19,879982.38,800630.31,752416.81,1094271.25,1108471.62,1106152.25,1109393.62
emd_5246,6.9,3izj,1064227.804,1,3izj,1144255.12,1130116.5,1131843,1121259.5,936115.69,935232.69,856120.12,795393.81,1144255.12,1130116.5,1131843,1121259.5
emd_5247,4.9,3izk,1005194.374,1,3izk,1114631.75,1129322.38,1123715.25,1103981.62,984243.94,947208.12,906371.19,831441.62,1114631.75,1129322.38,1123715.25,1103981.62
emd_5248,6.2,3izl,1013445.388,1,3izl,1083249.12,1123055.62,1112746,1100357.62,951899.75,906912.38,833217.19,789038.25,1083249.12,1123055.62,1112746,1100357.62
emd_5249,7.2,3izm,1062134.53,1,3izm,1184581.5,1168614.88,1166630.88,1144737.88,880581.56,825253.94,746807.25,694127.38,1184581.5,1168614.88,1166630.88,1144737.88
emd_5250,6.4,3izn,1012606.488,1,3izn,1033875.5,1041124.69,1057379,1059828.5,568757.19,574032.44,578069.62,580184.62,1033875.5,1041124.69,1057379,1059828.5
emd_5258,8,3j02,989249.9583,1,3j02,1167315.25,1143139.25,1148815.62,1149382,1302271.38,1312417.12,1337252.62,1335614.75,1167315.25,1143139.25,1148815.62,1149382
emd_5138,4.8,3j03,1007261.807,1,3j03,1081489.38,1096023.5,1084573.12,1080620.75,917745,857015.44,773071.62,714993.31,1081489.38,1096023.5,1084573.12,1080620.75
emd_1918,9.9,3j0e,160048.6797,1,3j0e,184868.44,179605.11,177628.09,174895.12,139434.72,142153.67,142772.06,143334.25,184868.44,179605.11,177628.09,174895.12
emd_5395,8.3,3j1e,1197888.369,1,3j1e,1442080.62,1417397,1396174,1398686.12,1330295.38,1286489,1259508.88,1250548.5,1442080.62,1417397,1396174,1398686.12
emd_5396,6.2,3j1f,1211498.266,1,3j1f,1508944.25,1478567.62,1446868.38,1444119.25,1267770.75,1245857.75,1230821.38,1218048.25,1508944.25,1478567.62,1446868.38,1444119.25
emd_2697,8.9,3j7i,104743.995,2,3j7i,92543.92,89933.23,85657.55,83247.45,228443.12,223087.5,218215.88,217455.53,185087.84,179866.46,171315.1,166494.9
emd_6204,4.2,3j94,363560.4976,1,3j94,401648.53,392121.5,381969.72,367878.75,324295.94,277870.94,244304.31,222610.2,401648.53,392121.5,381969.72,367878.75
emd_6205,7.6,3j95,353763.7724,1,3j95,388627.19,389455.12,375408.38,360841.06,309244.94,300957.66,292159.41,287683.16,388627.19,389455.12,375408.38,360841.06
emd_6206,7.6,3j96,692408.8872,1,3j96,777696.94,782342.44,778089.62,772926.81,521020.38,508567.5,498185.34,483878.56,777696.94,782342.44,778089.62,772926.81
emd_6207,7.8,3j97,690795.4734,1,3j97,783454.12,784100.88,781222,773327.56,529141.94,507201.25,496084.38,486570.19,783454.12,784100.88,781222,773327.56
emd_6208,8.4,3j98,688212.0291,1,3j98,764647.81,777501.38,781319.19,768612.94,503278.09,492650.66,481316.84,475693.81,764647.81,777501.38,781319.19,768612.94
emd_6209,8.2,3j99,688450.1883,1,3j99,772148.94,781451.31,786739.44,778117.88,523998.75,504887.94,491249.19,479673.94,772148.94,781451.31,786739.44,778117.88
emd_6489,4.6,3jbw,336063.4982,1,3jbw,367631.53,361130.72,353334.22,344711.62,267251.5,235236.38,212276.41,198526.38,367631.53,361130.72,353334.22,344711.62
emd_6487,3.4,3jbx,285354.9491,1,3jbx,282200.47,280726.62,273079.94,271858.22,203632.8,181314.34,167621.34,154331.06,282200.47,280726.62,273079.94,271858.22
emd_6488,3.7,3jby,287936.4447,1,3jby,287919.12,283994.81,277870.41,270819.94,206690.47,183817.72,164153.59,156642.27,287919.12,283994.81,277870.41,270819.94
emd_6535,4.7,3jc5,684174.7751,1,3jc5,752366.44,756412.56,750685,741069.5,546191.44,498760.06,458908.53,415786.03,752366.44,756412.56,750685,741069.5
emd_6534,3.7,3jc6,405845.3811,1,3jc6,444224.41,443705.69,437711.78,431738.41,356945.5,335919.5,315847.06,302211.03,444224.41,443705.69,437711.78,431738.41
emd_6536,4.8,3jc7,690183.7888,1,3jc7,792739.75,778369.31,772212.44,760159.44,546835.25,482698.09,438625.59,411797.69,792739.75,778369.31,772212.44,760159.44
emd_6617,3.2,3jcu,1233236.695,1,3jcu,1120929.62,1081102.62,1059048.25,1047075.94,842709.06,817270.75,791186.56,781386.19,1120929.62,1081102.62,1059048.25,1047075.94
emd_5137,4.3,3los,1048717.725,1,3los,1304924,1312688.62,1293886.62,1260569.62,1144390.25,1093615.88,1027304.44,1001306.38,1304924,1312688.62,1293886.62,1260569.62
emd_2325,8.9,3zpz,1020607.338,1,3zpz,1083102.62,1071538.62,1082558.25,1085048.12,769815.12,753163.88,754847.88,756508.88,1083102.62,1071538.62,1082558.25,1085048.12
emd_2326,9.2,3zq0,1011600.189,1,3zq0,1073641.12,1059978.38,1068550.62,1071694.12,701818.25,704109.25,709767.12,708303.31,1073641.12,1059978.38,1068550.62,1071694.12
emd_1998,8,4aaq,902663.4741,1,4aaq,922380.06,918419.5,934208.75,931116,809776.62,764525.5,738999.88,707700.12,922380.06,918419.5,934208.75,931116
emd_1999,8,4aar,903247.4879,1,4aar,936494.31,930577.38,943773.44,942546.38,801471.12,756289.81,725657.81,696527.12,936494.31,930577.38,943773.44,942546.38
emd_2000,8.5,4aas,898312.4658,1,4aas,951208.44,945007.44,950741.62,955622.88,832423.25,799696.44,768333.94,751898.69,951208.44,945007.44,950741.62,955622.88
emd_2001,8.5,4aau,892069.8819,1,4aau,923676.44,919642.25,935559.31,936623.62,786875.81,765276.94,741947.5,725907,923676.44,919642.25,935559.31,936623.62
emd_2002,8.5,4ab2,895819.4082,1,4ab2,905355.81,913861.88,927738.06,928096.56,758477,743505.56,725877.75,707258.31,905355.81,913861.88,927738.06,928096.56
emd_2003,8.5,4ab3,890133.8397,1,4ab3,938351.38,939931.88,950135.56,959193.81,781278.44,786488.69,762347.5,749352.88,938351.38,939931.88,950135.56,959193.81
emd_2012,6.6,4adx,291386.4853,1,4adx,1915888.12,1946808.88,1942965.25,1924157.5,1775008.62,1494294.62,1380054.75,1315616.38,1915888.12,1946808.88,1942965.25,1924157.5
emd_2526,7,4chv,171377.9831,1,4chv,165940.28,155637.12,152514.16,147487.34,70675.22,72233.83,72192.4,73019.47,165940.28,155637.12,152514.16,147487.34
emd_2527,7,4chw,173621.2486,1,4chw,165938.41,162521.34,158472.27,155233.52,71550.45,72488.59,73868.27,74330.9,165938.41,162521.34,158472.27,155233.52
emd_2605,5.5,4csu,1405656.862,1,4csu,1769967.62,1682442.88,1629283.62,1582141.5,1631238.25,1570901.5,1524317.75,1515318.88,1769967.62,1682442.88,1629283.62,1582141.5
emd_2845,6.47,4uer,1390967.39,1,4uer,1887392.75,1838427.12,1791077.5,1761598.25,1915906.75,1942010.25,1971746.38,1994194.62,1887392.75,1838427.12,1791077.5,1761598.25
emd_2924,3.6,4ui9,1136343.652,1,4ui9,1266113.12,1253036.12,1251908.75,1250928,1208421.75,1160346.88,1126114.5,1096618.88,1266113.12,1253036.12,1251908.75,1250928
emd_2981,3.5,5a0q,744489.8163,1,5a0q,733353.94,737249.25,747326.25,747966.5,663209.94,649600.88,635408,607786.75,733353.94,737249.25,747326.25,747966.5
emd_6337,3.8,5a22,276275.066,1,5a22,260964.78,266642.81,267988,268275.88,196943.62,178838.3,163769.39,153479.48,260964.78,266642.81,267988,268275.88
emd_2925,5.7,5a31,1156984.858,1,5a31,1292528.75,1266844.25,1263714.5,1261711.88,1314329.25,1286424.88,1283490.38,1287943.25,1292528.75,1266844.25,1263714.5,1261711.88
emd_3201,8.34,5fku,303534.9954,1,5fku,327539.84,330411.22,327708.47,321759.69,273385.03,249543.91,232135.66,222336.7,327539.84,330411.22,327708.47,321759.69
emd_3198,8.04,5fkv,317903.8264,1,5fkv,342745.66,340939.75,335962.44,330864.12,235262.12,214971.36,201245.58,194820.45,342745.66,340939.75,335962.44,330864.12
emd_3202,7.3,5fkw,272357.8007,1,5fkw,293241.59,290878.69,284739.16,281152.5,222301.05,202469.39,190274.09,184888.12,293241.59,290878.69,284739.16,281152.5
emd_3213,5.9,5flc,822952.9059,1,5flc,1058888.12,1045537.25,1039937.75,1028925.69,573310.81,529870.06,491289.59,449097.22,1058888.12,1045537.25,1039937.75,1028925.69
emd_3218,3.4,5flm,568241.8022,1,5flm,586304.06,593351.25,585379.88,577976.81,355612.44,349645.81,340978.72,329887.53,586304.06,593351.25,585379.88,577976.81
emd_3231,3.6,5fmg,670862.3989,1,5fmg,697911.25,701238.75,704675.56,695515.88,681557.75,667985.19,636451.19,609709.62,697911.25,701238.75,704675.56,695515.88
emd_3337,3.9,5fwk,219548.0029,1,5fwk,219735.14,220528.34,218277.2,217662.17,147757.36,129990.13,119182.24,112006.58,219735.14,220528.34,218277.2,217662.17
emd_3342,8,5fwm,245067.9039,1,5fwm,232261.8,235803.59,236594.08,235543.64,217218.91,212483.61,212080.66,212677.27,232261.8,235803.59,236594.08,235543.64
emd_3366,4.2,5g06,483677.1537,1,5g06,494659.56,499399.91,493235.44,490481.91,431037.09,411534.66,382749.19,368491.12,494659.56,499399.91,493235.44,490481.91
emd_3331,3.8,5g2x,279850.8498,1,5g2x,399771.62,382700.78,366211.22,351028.78,250602.64,234986.23,222948.91,218890.23,399771.62,382700.78,366211.22,351028.78
emd_3332,4.5,5g2y,185040.379,1,5g2y,302839.19,282498.84,265830.53,256391.12,158800.05,144667.28,140600.31,137362.39,302839.19,282498.84,265830.53,256391.12
emd_3436,7,5g4f,581921.8872,1,5g4f,600303.75,610046.88,613826.81,613360.5,455105.97,406455.25,362387.19,334552.75,600303.75,610046.88,613826.81,613360.5
emd_3435,7.8,5g4g,569726.5938,1,5g4g,633974.25,643699.69,625704.75,609165.25,499317.06,419990.59,368931.09,329791.38,633974.25,643699.69,625704.75,609165.25
emd_3439,4.8,5g5l,642853.3289,1,5g5l,682109.31,682056.94,681992.25,677304.38,583819.62,540544.94,498925.84,469102.91,682109.31,682056.94,681992.25,677304.38
emd_3440,5.3,5g5p,113388.3118,1,5g5p,114287.91,111589.69,108848.54,108538.08,68333.87,61815.28,59641.61,59711.61,114287.91,111589.69,108848.54,108538.08
emd_8192,3.8,5k10,103842.229,1,5k10,95296.02,93297.09,90042.62,87779.79,44764.46,40062.03,38891.04,37048.25,95296.02,93297.09,90042.62,87779.79
emd_8193,3.8,5k11,102552.517,1,5k11,93922.3,93470.27,91579.59,88611.81,36497.55,30924.22,29821.21,28673.7,93922.3,93470.27,91579.59,88611.81
emd_8194,1.8,5k12,247968.1139,1,5k12,212372.2,208692.03,204981.28,201962.78,215290.16,177356.19,164391.08,152504.09,212372.2,208692.03,204981.28,201962.78
emd_4025,6.1,5khr,320088.9686,1,5khr,1146289.88,1112809.75,1086983,1063964.38,1096913.12,1058444.38,1025900.12,1010085.75,1146289.88,1112809.75,1086983,1063964.38
emd_4038,3.83,5ld2,409905.3656,1,5ld2,425097.72,429961.03,423213.75,413960.31,403566.5,392494.72,375957.56,356669.06,425097.72,429961.03,423213.75,413960.31
emd_4073,3.55,5lmn,808751.6409,1,5lmn,1020456,973760.38,945770,931032,864579.06,818722.75,783933.62,760377.81,1020456,973760.38,945770,931032
emd_4074,4.3,5lmo,832553.6542,1,5lmo,1029832.56,1005216,986511.81,967636.19,875405.38,835877,806187.44,786469,1029832.56,1005216,986511.81,967636.19
emd_4075,5.35,5lmp,831263.6337,1,5lmp,1035429.62,1011645,993748.69,976737.38,895680.81,843647.75,813013.75,791014.69,1035429.62,1011645,993748.69,976737.38
emd_4076,4.2,5lmq,848088.1195,1,5lmq,1054559.62,1028592.38,1004020.88,989221.75,899997.31,834811,792477.06,765078.75,1054559.62,1028592.38,1004020.88,989221.75
emd_4077,4.45,5lmr,844950.7207,1,5lmr,1044755.12,1016827.44,996395.62,977013.81,883227.81,810638.75,769823.69,745825.56,1044755.12,1016827.44,996395.62,977013.81
emd_4078,5.1,5lms,861868.1871,1,5lms,1065136.12,1032835.5,1020735.06,1005180.19,926389.62,842589.75,811974.88,803479.25,1065136.12,1032835.5,1020735.06,1005180.19
emd_4079,4.15,5lmt,845296.2143,1,5lmt,1041508.44,1007903.44,994340.69,971316,882011,817917.75,769259.06,748698.38,1041508.44,1007903.44,994340.69,971316
emd_4080,4,5lmu,829315.379,1,5lmu,1013547.81,995142.81,971909.81,952988.88,863769.5,802422.44,762540.12,739760.5,1013547.81,995142.81,971909.81,952988.88
emd_4083,4.9,5lmv,915156.3303,1,5lmv,1102530.12,1081575.88,1066114.88,1049009.75,886945.38,816841.69,776543.31,738259.31,1102530.12,1081575.88,1066114.88,1049009.75
emd_4088,4.9,5lmx,539391.6489,1,5lmx,583210.62,584667.25,582889.81,576680.81,480360.09,417620.91,374590.38,338116.09,583210.62,584667.25,582889.81,576680.81
emd_3449,4.6,5m64,628999.2378,1,5m64,672096.94,678855.12,671553.75,663539.81,560347.62,543099.94,514130.19,484408.97,672096.94,678855.12,671553.75,663539.81
emd_3460,3.8,5mbv,424419.3548,1,5mbv,430166.31,438315.44,432078.81,430020.31,342339.03,327177.34,307979.38,297046.44,430166.31,438315.44,432078.81,430020.31
emd_3583,3.8,5mz6,149890.7144,1,5mz6,136612.16,132668.77,129798.12,126048.61,73671.25,61609.75,55773.84,52498.5,136612.16,132668.77,129798.12,126048.61
emd_8313,5.9,5sv9,116316.6789,1,5sv9,108320.57,95107.05,91929.32,88791.34,66460.27,47365.07,44784.14,43118.92,108320.57,95107.05,91929.32,88791.34
emd_8518,6.1,5u8s,669797.318,1,5u8s,746713.38,745272.75,730424.25,725356.12,665132.88,629429.19,565667.75,530616.19,746713.38,745272.75,730424.25,725356.12
emd_8519,4.9,5u8t,692410.2833,1,5u8t,746154.62,751553.44,745861.12,737423.44,635497.25,585895.62,550527.94,520722.97,746154.62,751553.44,745861.12,737423.44
emd_8561,4.8,5ujz,293626.9011,1,5ujz,325664.47,326418.69,324615.38,322109.66,222062.41,191498.28,178819.19,165935.09,325664.47,326418.69,324615.38,322109.66
emd_8562,4.8,5uk0,294521.8885,1,5uk0,324693.5,325254.66,324996.38,322441.97,246952.86,218038.61,204414.64,192021.94,324693.5,325254.66,324996.38,322441.97
emd_8563,4.8,5uk1,291954.4581,1,5uk1,323071.72,323688.38,322178.31,319375.53,206989.59,181639.12,168906.31,163179.2,323071.72,323688.38,322178.31,319375.53
emd_8564,4.8,5uk2,293866.8406,1,5uk2,323345.09,327426.62,325876.72,323070.44,212575.84,192904.62,177801.7,170421.5,323345.09,327426.62,325876.72,323070.44
emd_8584,3.74,5up6,459776.3389,1,5up6,468578.88,466943.31,463640.16,459822.12,355773.44,345046.22,330934.25,315593.12,468578.88,466943.31,463640.16,459822.12
emd_8585,4.05,5upa,456543.1916,1,5upa,467358.12,462292.03,459448.25,454005.88,402837.41,389178.56,367638.66,347085.72,467358.12,462292.03,459448.25,454005.88
emd_8586,4.38,5upc,458712.8777,1,5upc,472495.31,470497.09,463038.12,455330.25,375445.28,350471.44,320583.94,303009.88,472495.31,470497.09,463038.12,455330.25
emd_8608,3.96,5uvn,281003.9808,1,5uvn,306114.34,292257.66,279199.97,274334.47,250476.47,244497.12,238187.64,228700.23,306114.34,292257.66,279199.97,274334.47
emd_8624,3.4,5uz9,2092559.315,1,5uz9,484127.75,479888.69,471129.44,463986.25,336340.69,323565.31,310430.72,300072,484127.75,479888.69,471129.44,463986.25
emd_8653,4.1,5vai,151733.291,1,5vai,163213.81,158504.98,154411.77,152061.56,123815.3,109120.59,99723.84,95379.23,163213.81,158504.98,154411.77,152061.56
emd_8658,3.9,5vc7,389172.4915,1,5vc7,398309.81,401384.94,385852.81,369827.03,335034.34,304464.78,285279.94,255475.97,398309.81,401384.94,385852.81,369827.03
emd_8741,3.1,5vy3,8014535.068,1,5vy3,800046.81,811110.25,820615.94,817113.62,581285.31,569700.56,566720.88,561235.31,800046.81,811110.25,820615.94,817113.62
emd_8742,3.3,5vy4,8042893.346,1,5vy4,805165.5,812374.19,824305.38,821560,579405.06,568780.25,569598.31,567497.56,805165.5,812374.19,824305.38,821560
emd_8771,3.8,5w5y,774955.5746,1,5w5y,892291.38,893661.19,894642.56,880094.56,716755.31,692232.12,657830.81,638532.56,892291.38,893661.19,894642.56,880094.56
emd_8774,4.2,5w64,766573.9288,1,5w64,881794.38,884663.56,885790.31,872769.44,713076.19,675850.5,640283.88,602742.38,881794.38,884663.56,885790.31,872769.44
emd_8775,4.3,5w65,789285.9701,1,5w65,901417.94,909026.88,901756.56,893492.62,769250.62,748980.69,705013.19,677701.12,901417.94,909026.88,901756.56,893492.62
emd_8776,3.9,5w66,816267.1396,1,5w66,925254.31,930799.69,926906.06,917022.75,781120,746534.12,700198.69,663489.69,925254.31,930799.69,926906.06,917022.75
emd_6810,5,5y5x,310162.2272,1,5y5x,780500.38,689229.5,625566.75,572418.38,794347.31,761289.56,719903.81,673034.56,780500.38,689229.5,625566.75,572418.38
emd_6812,6.7,5y5z,309829.1159,1,5y5z,776888.44,689973.06,618523.31,554155.12,876934.5,841078.38,785164.25,715998.38,776888.44,689973.06,618523.31,554155.12
emd_6822,3.52,5yd1,155941.842,1,5yd1,151447.48,149171.97,146603.97,145373.53,127718.32,109258.63,102392.89,96434.13,151447.48,149171.97,146603.97,145373.53
emd_6830,3,5yi5,1361769.566,1,5yi5,677292.69,676845.81,678370.06,657110.31,499981.75,424143.81,367116.53,337019.06,677292.69,676845.81,678370.06,657110.31
emd_6879,4.31,5z3l,267155.6059,1,5z3l,332797.72,315642.28,301408.75,294207.62,230018.5,205190.34,189026.44,181066.33,332797.72,315642.28,301408.75,294207.62
emd_6880,3.62,5z3o,267117.9514,1,5z3o,317054.56,300032.28,287927.62,279776.78,244132.02,222634.73,208479.42,200443.81,317054.56,300032.28,287927.62,279776.78
emd_6882,4.31,5z3u,265907.0098,1,5z3u,322796.03,308778.19,294795.88,287167.72,187594.48,168832.62,158669.58,150422.31,322796.03,308778.19,294795.88,287167.72
emd_6883,4.22,5z3v,266024.9004,1,5z3v,320204.19,309112.81,295390.28,289138.34,209814.09,192862.58,181940.27,173275.44,320204.19,309112.81,295390.28,289138.34
emd_7046,4.3,6b40,281522.0537,1,6b40,302981.09,295013.91,284127.12,276365.38,212571.28,169089.88,150253.45,136828.8,302981.09,295013.91,284127.12,276365.38
emd_7049,3.5,6b45,367581.901,1,6b45,418715.38,411945.41,412143.34,403170.56,243967.33,224021.11,211761.53,199169.5,418715.38,411945.41,412143.34,403170.56
emd_7051,3.2,6b47,371946.5004,1,6b47,420873.44,418212.09,412110.53,403839.88,272741.38,258721.94,248699.25,240607.89,420873.44,418212.09,412110.53,403839.88
emd_7059,3.9,6b6h,609978.3471,1,6b6h,689229.5,680896.06,678610,675856.62,379834.41,350308.25,338982.34,321704.19,689229.5,680896.06,678610,675856.62
emd_7075,3.8,6bbj,343763.5743,1,6bbj,383365.94,376220.19,366280.91,361972.97,296953.38,247982.73,219587.83,215191.17,383365.94,376220.19,366280.91,361972.97
emd_7349,3.7,6c6s,478807.6358,1,6c6s,489141.53,485749.38,487243.06,481388.25,379916.66,363723.06,345698.94,331338.12,489141.53,485749.38,487243.06,481388.25
emd_7350,3.5,6c6t,465742.1561,1,6c6t,466221.06,471340,467040.81,462757.41,426902.16,426371.53,422173.53,418048.22,466221.06,471340,467040.81,462757.41
emd_7464,4,6ces,329028.5658,1,6ces,387644.25,386018.69,379976.88,372467.94,369047.41,363448.81,350841.72,342838.03,387644.25,386018.69,379976.88,372467.94
emd_7457,3.73,6cm9,314450.2318,1,6cm9,329250.75,330619.59,328435.5,324135,162093.55,148548.89,136372.39,126098.52,329250.75,330619.59,328435.5,324135
emd_7526,3.1,6cmx,170671.4747,1,6cmx,157446.34,157352.52,154206.64,152409.56,117120.15,107331.34,98135.59,95068.95,157446.34,157352.52,154206.64,152409.56
emd_7816,3.86,6d6t,304927.5761,1,6d6t,315053.69,313422.72,308361.69,306057.44,280507.91,261859.88,248506.38,240739.95,315053.69,313422.72,308361.69,306057.44
emd_7817,3.92,6d6u,311793.822,1,6d6u,324438.47,317947.84,316542.28,312615.94,295669.31,286781.5,273155.59,267316.28,324438.47,317947.84,316542.28,312615.94
emd_7453,4.27,6d83,297436.3757,1,6d83,310319.06,310311.47,305981.5,303212.5,218586.56,182468.05,159150.22,145968.05,310319.06,310311.47,305981.5,303212.5
emd_7869,3.5,6ddf,117105.515,1,6ddf,113468.46,114335.89,111629.43,109432.4,99276.64,93575.35,87224.65,80473.55,113468.46,114335.89,111629.43,109432.4
emd_8912,3.11,6du8,229728.9749,1,6du8,227672.36,220898.47,216949.36,212952.84,122327.95,103200.27,89895.42,82055.48,227672.36,220898.47,216949.36,212952.84
emd_9013,3.4,6e9e,141079.618,1,6e9e,136411.81,130172.07,124231.88,121070.09,83963.51,64988.82,57197.04,52205.3,136411.81,130172.07,124231.88,121070.09
emd_9014,3.3,6e9f,145463.8103,1,6e9f,139004.97,134677.86,130651.57,128532.17,91652.14,73090.89,62763.82,55241.41,139004.97,134677.86,130651.57,128532.17
emd_3908,3.55,6eoj,238233.3591,1,6eoj,222697.84,224486.89,221426.39,220174.44,143346.11,132800.17,123825.48,116738.34,222697.84,224486.89,221426.39,220174.44
emd_3983,4.22,6eyd,400848.5703,1,6eyd,404967.25,408190.91,404614,402376.06,325060.84,315800.97,301841.97,291197.16,404967.25,408190.91,404614,402376.06
emd_3999,3.1,6ezj,611787.0925,1,6ezj,603612.44,615942.75,605005.81,600084.12,470761.06,449404.47,442519.78,421805.09,603612.44,615942.75,605005.81,600084.12
emd_4192,3.81,6f6w,376659.6042,1,6f6w,372105.44,378525.88,378160.44,374980.62,295202.16,290427.06,278442.84,272985.66,372105.44,378525.88,378160.44,374980.62
emd_4241,4.1,6fe8,219641.8333,1,6fe8,220091.14,216533.86,211211.02,207023.73,159635,136007.33,125234.85,119615.17,220091.14,216533.86,211211.02,207023.73
emd_4339,3.6,6g1k,367771.1812,1,6g1k,358886.59,356537.66,348892.38,344075.38,278471.94,242389.3,222718.19,205566.17,358886.59,356537.66,348892.38,344075.38
emd_0051,4.2,6gsa,282438.5918,1,6gsa,306532.84,303166.88,300992.78,296935.62,229761.22,210846.42,199607.66,195282.03,306532.84,303166.88,300992.78,296935.62
emd_0310,3.6,6hz4,319553.9703,1,6hz4,303645.75,305373.38,307898.94,306423.34,223793.8,210098.12,198975.36,188142.64,303645.75,305373.38,307898.94,306423.34
emd_0311,4.2,6hz5,601665.938,1,6hz5,581644.44,595929,597988.81,600327.25,479311.78,445799.12,415165.25,376856.22,581644.44,595929,597988.81,600327.25
emd_0312,4.3,6hz6,601585.8991,1,6hz6,578416.38,596294.69,598216.62,598684.5,455212.97,420079.41,374891.91,348784.34,578416.38,596294.69,598216.62,598684.5
emd_0313,4.3,6hz7,601313.9885,1,6hz7,586424.56,603106.25,603863.62,602053.31,470843.41,428758.34,379579.75,342249.19,586424.56,603106.25,603863.62,602053.31
emd_0314,4.3,6hz8,604636.278,1,6hz8,592506.94,602532.75,605264.56,606303.88,473202.94,432281.31,386082.75,355822.09,592506.94,602532.75,605264.56,606303.88
emd_0315,4.8,6hz9,597486.7432,1,6hz9,589468.62,603871.88,603598.06,603848.31,490271.22,434084.06,376091.91,337433.34,589468.62,603871.88,603598.06,603848.31
emd_0327,3.4,6i1y,956265.0025,1,6i1y,1117598.38,1106307.25,1074509.62,1061812.25,809103.69,747098.19,730548.69,712522.56,1117598.38,1106307.25,1074509.62,1061812.25
emd_9653,3.2,6ifk,334959.0896,1,6ifk,352823.09,352375.31,349084.16,344412.81,258062.11,248171.45,235631.52,225313.88,352823.09,352375.31,349084.16,344412.81
emd_9660,3.37,6ig0,336924.2859,1,6ig0,353684.53,354773.84,348809.03,345359.19,253107.17,232619.88,219166.45,207025.59,353684.53,354773.84,348809.03,345359.19
emd_9748,3.47,6iy2,273363.574,1,6iy2,328112.97,314372.72,300726.84,293272.47,215316.53,199395.2,187980.31,181660.45,328112.97,314372.72,300726.84,293272.47
emd_9749,3.67,6iy3,273408.9359,1,6iy3,327263.38,316475.97,305206.38,295580.44,207801.31,190563.25,180001.83,172955.64,327263.38,316475.97,305206.38,295580.44
emd_9792,4.02,6jbq,505119.6758,1,6jbq,531495.19,531615.81,527467.62,518038.28,385643.53,369992.25,354731.19,332997.03,531495.19,531615.81,527467.62,518038.28
emd_9843,7.3,6jm9,215745.345,1,6jm9,232016.16,220634.11,215002.05,210649.41,174528.48,166035.72,162650.44,163464.72,232016.16,220634.11,215002.05,210649.41
emd_9844,6.8,6jma,221781.2685,1,6jma,241215.97,231547.02,225965.12,222547.47,172677.22,150598.33,138270.91,136190.94,241215.97,231547.02,225965.12,222547.47
emd_9101,4.4,6mdn,611476.3441,1,6mdn,665446.31,688966.81,692288.38,690352.12,516130.06,499773.56,475603.03,446894.69,665446.31,688966.81,692288.38,690352.12
emd_9104,3.47,6mdr,521059.6717,1,6mdr,514029.44,537123.31,538681.06,535051.56,417899.75,418732.56,417330.78,415777.66,514029.44,537123.31,538681.06,535051.56
emd_9139,3.5,6mlm,282909.644,1,6mlm,284814.5,287914.28,286840.47,286358.62,158719.25,146467.28,141936.09,128867.05,284814.5,287914.28,286840.47,286358.62
emd_9191,3.4,6mpu,422709.3382,1,6mpu,484671.19,487722.59,480359.97,475929.31,394831.47,383711.84,368544.75,355701.16,484671.19,487722.59,480359.97,475929.31
emd_9317,5.16,6n1q,497349.9631,1,6n1q,608567.75,598155.19,593610.25,584919,556990.38,529449.62,507221.5,480062,608567.75,598155.19,593610.25,584919
emd_9318,4,6n1r,785906.9775,1,6n1r,876629.81,866806.75,877425.62,871301.38,717742.62,684326.5,667222.56,651073.88,876629.81,866806.75,877425.62,871301.38
emd_0407,2.8,6nbc,739278.9866,1,6nbc,58081.83,56094.94,54559.39,52737.64,31964.96,28179.32,23743.1,20685.86,58081.83,56094.94,54559.39,52737.64
emd_0408,3.2,6nbd,669769.2935,1,6nbd,59909.83,56955.75,54092.61,53344.87,32550.1,27619.87,23542.26,19336.08,59909.83,56955.75,54092.61,53344.87
emd_9382,3.34,6niy,133997.3628,1,6niy,130792.77,130166.95,126587.82,124901.77,120785.28,113019.88,106135.69,101893.66,130792.77,130166.95,126587.82,124901.77
emd_0452,3.7,6nmi,426753.8808,1,6nmi,479802.72,480221.06,477405.47,471609.59,376954.47,358156.06,346684.06,334184.75,479802.72,480221.06,477405.47,471609.59
emd_20143,2.9,6oo3,320507.8088,1,6oo3,352744.59,346236.16,340608.62,335079.88,266840.75,255271.52,248991.52,245477.41,352744.59,346236.16,340608.62,335079.88
emd_20145,3.3,6oo4,328066.412,1,6oo4,360689.56,353764.66,346941.97,341143.69,252862.7,241239.81,230863.7,225433.7,360689.56,353764.66,346941.97,341143.69
emd_20146,4.2,6oo5,305362.5427,1,6oo5,357474.22,346130.25,330745.31,323322.88,306710.53,256924.5,230712.16,214501.12,357474.22,346130.25,330745.31,323322.88
emd_5100,6.8,3ixv,1048987.251,1,3ixv,1054126.88,1073611.38,1085486.62,1083188.5,2059024.75,2030773.12,2000096.62,1939561.75,1054126.88,1073611.38,1085486.62,1083188.5
emd_5101,8,3ixw,1047904.083,1,3ixw,1184237,1203969.75,1195870.62,1189907.5,2310098,2163573,1987517.38,1836127.75,1184237,1203969.75,1195870.62,1189907.5
emd_6314,3.2,3j7b,295362.5674,4,3j7b,268211.91,266021.53,261477.91,258006.08,922813.19,925549.19,921986.62,917035.25,1072847.64,1064086.12,1045911.64,1032024.32
emd_3062,4.5,5a6e,100964.6801,4,5a6e,109124.07,106001.04,104855.44,103149.09,475119.25,439509.84,390145.06,362317.78,436496.28,424004.16,419421.76,412596.36
emd_3063,4.2,5a6f,81214.41068,4,5a6f,72486.48,72316.2,69206.28,65201.09,304201.62,256046.33,219917.28,199623.06,289945.92,289264.8,276825.12,260804.36
emd_8166,6.3,5jm0,131959.108,4,5jm0,134065.36,128604.11,125068.06,120113.71,474039.94,388551.53,326974.19,300900.78,536261.44,514416.44,500272.24,480454.84
emd_8215,3.78,5k7l,101688.4135,4,5k7l,128053.96,122145.45,119044.52,116966.55,414285,374774.56,342227.16,319379.28,512215.84,488581.8,476178.08,467866.2
emd_8410,3.5,5tj6,122701.605,4,5tj6,138037.5,136253.67,134106.48,132859.36,440135.06,411549.66,372513.56,343449.94,552150,545014.68,536425.92,531437.44
emd_8414,3.8,5tji,122070.5023,4,5tji,141571.64,136658.41,134307.97,132534.84,384411.44,348841.31,316893.56,294796.47,566286.56,546633.64,537231.88,530139.36
emd_2993,7.6,5a20,190499.826,6,5a20,227045.42,215847.69,210647.58,207441.81,1770946.12,1592664,1498699,1403006.25,1362272.52,1295086.14,1263885.48,1244650.86
emd_2994,7.2,5a21,189780.0311,6,5a21,221080.34,211942.17,207709.03,203478.45,1633379.62,1537755.25,1456984.38,1356194.5,1326482.04,1271653.02,1246254.18,1220870.7
emd_6224,2.9,3j9c,53352.9194,7,3j9c,67335.26,64510.64,63099.73,60841.53,305370.59,301092.72,294429.41,287264.03,471346.82,451574.48,441698.11,425890.71
emd_8072,3.37,5i68,89229.47515,8,5i68,81637.45,78899.07,75603.16,71044.35,582252.88,581743.62,568562.12,554431.94,653099.6,631192.56,604825.28,568354.8
emd_2681,7.5,4upf,30952.50686,10,4upf,92772.85,88846.08,87828.45,87680.04,794218.88,709221.12,682926.06,668156.5,927728.5,888460.8,878284.5,876800.4
emd_3204,6.1,5fkx,53862.02872,10,5fkx,63678.77,54796.29,52013.19,50570.59,826984.12,736044.12,638017.5,571431.81,636787.7,547962.9,520131.9,505705.9
emd_3205,6.1,5fkz,53856.03023,10,5fkz,62996.14,54142.67,50612.46,49662.48,900047.62,865431.19,766996.06,689646.19,629961.4,541426.7,506124.6,496624.8
emd_3206,6.2,5fl2,61858.03957,10,5fl2,84610.14,72374.59,69878.59,68108.84,844109.31,713302.5,624170.88,578373.81,846101.4,723745.9,698785.9,681088.4
emd_2441,8.6,4c3g,37879.02308,11,4c3g,32968.5,34148.18,34045.21,31821.61,1200207.25,1134076.38,1121977.75,1120198.38,362653.5,375629.98,374497.31,350037.71
emd_2513,3.36,4ci0,118727.545,12,4ci0,113753.09,111007.8,108810.02,105979.63,1064768,1084044.38,1097548.88,1091507,1365037.08,1332093.6,1305720.24,1271755.56
emd_4179,4.1,6f3k,464171.2814,12,6f3k,38950.2,38045.52,35575.64,33639.47,416757.94,423535,408603.16,386589.19,467402.4,456546.24,426907.68,403673.64
emd_2098,8.2,4atx,154432.3076,14,4atx,143582.91,143193.66,140504.48,138649.28,3236346.25,3262146.5,3187354.25,3120795.75,2010160.74,2004711.24,1967062.72,1941089.92
emd_6425,4.1,3jd6,22962.783,16,3jd6,18664.92,16143.22,13910.41,13433.2,339444.81,279658.88,253753.17,233456,298638.72,258291.52,222566.56,214931.2
emd_5890,9.6,3j6c,24684,24,3j6c,7633.77,6320.75,5903.13,5972.56,422085.25,439941.5,448865.62,456504.72,183210.48,151698,141675.12,143341.44
emd_1448,8.8,3b8k,27887.97892,100,3b8k,23681.61,21703.77,20801.79,20083.57,2268012,2029561.12,1905846.75,1827945.12,2368161,2170377,2080179,2008357
emd_8191,2.8,5k0z,175892.7871,1,5k0z,151590.16,151030.95,148280.17,143878.67,88544.57,70984.31,64567.89,62628.38,151590.16,151030.95,148280.17,143878.67
emd_5223,8.6,3iz0,202582.7335,39,3iz0,209813.52,206422.61,206863.56,202737.31,10805728,9814437,9388537,8929553,8182727.28,8050481.79,8067678.84,7906755.09
emd_6187,5,3j8x,160463.1439,42,3j8x,151352.16,148947.78,144719.7,143435.88,5852245,5564636.5,5456361,5374605,6356790.72,6255806.76,6078227.4,6024306.96
emd_6188,5,3j8y,161894.875,42,3j8y,151434.42,148333.03,146367.97,142895.08,5737796,5403996.5,5331611,5194130.5,6360245.64,6229987.26,6147454.74,6001593.36
emd_8015,3.1,5gaq,351120.5863,1,5gaq,337508.91,344708.5,341316.31,335873.47,247013.75,245086.78,236006.75,230601.39,337508.91,344708.5,341316.31,335873.47
emd_8185,3.9,5jzh,782221.9221,1,5jzh,849417.94,840718.25,847892.25,847343.19,658734.56,653844,638005.88,625977.81,849417.94,840718.25,847892.25,847343.19
emd_8187,7.4,5jzt,375987.215,1,5jzt,442121.56,437641.44,427296.25,421386.47,414427.16,365985.44,348185.62,341327.34,442121.56,437641.44,427296.25,421386.47
emd_8188,4.46,5jzw,713251.7099,1,5jzw,782955.12,783257.5,779028.12,778974.81,669415.62,664600.75,640850.62,616257.81,782955.12,783257.5,779028.12,778974.81
emd_8623,4.1,5uz7,131120.7184,1,5uz7,129704.73,126833.38,123966.73,120189.77,95650.39,80770.38,74658.84,67852.23,129704.73,126833.38,123966.73,120189.77
emd_7009,3.7,6ave,164451.5123,1,6ave,167742.8,163409.81,159398.41,156969.75,123417.96,112046.99,101976.4,94475.12,167742.8,163409.81,159398.41,156969.75
emd_7118,4,6bo4,300652.6303,1,6bo4,363439.16,344748.75,333863.12,326765.19,278417.97,241426.56,219086.62,209067.38,363439.16,344748.75,333863.12,326765.19
emd_7119,3.6,6bo5,284790.2885,1,6bo5,337877.47,319972.19,310075.06,303219.12,213767.78,178360.89,163714.81,156320.94,337877.47,319972.19,310075.06,303219.12
emd_4282,4.5,6fn4,223018.5271,1,6fn4,244801.88,238006.39,234879.31,231596.11,217028.84,209404.34,202456.73,195780.09,244801.88,238006.39,234879.31,231596.11
emd_9112,3.1,6mgv,168054.73,1,6mgv,168061.11,167104.22,165258.44,163775.52,133999.75,129271.24,124891.73,121405.74,168061.11,167104.22,165258.44,163775.52
emd_9113,3.5,6mgw,170649.6518,1,6mgw,172610.88,172948.17,170385.14,166766.22,118876.82,103108.91,99461.1,93482.29,172610.88,172948.17,170385.14,166766.22
emd_0500,3.4,6nt3,189328.7777,1,6nt3,190884.81,185476.36,182587.66,180416.44,162917.08,148633.3,136814.5,131693.95,190884.81,185476.36,182587.66,180416.44
emd_0501,3.5,6nt4,207464.11,1,6nt4,214582.86,208169.28,204234.73,200570.27,139004.77,123336.57,116554.84,108529.41,214582.86,208169.28,204234.73,200570.27